[{"codigo":1,"codigoDelArticulo":1,"nombre":"asdasd","tipo":"Bicicleta","tamaño":"12","marca":"asdas","precio":200,"cantidad":100},{"codigo":1,"codigoDelArticulo":1,"nombre":"dad","tipo":"Bicicleta","tamaño":"12","marca":"dad","precio":2,"cantidad":100},{"codigo":1,"codigoDelArticulo":1,"nombre":"diavloo","tipo":"Bicicleta","tamaño":"12","marca":"dada","precio":2,"cantidad":3},{"codigo":1,"codigoDelArticulo":1,"nombre":"asdad","tipo":"Bicicleta","tamaño":"12","marca":"dada","precio":2,"cantidad":1},{"codigo":1,"codigoDelArticulo":1,"nombre":"2","tipo":"Bicicleta","tamaño":"12","marca":"1","precio":1,"cantidad":1},{"codigo":1,"codigoDelArticulo":1,"nombre":"sadasd","tipo":"Bicicleta","tamaño":"12","marca":"dadsad","precio":1,"cantidad":1},{"codigo":1,"codigoDelArticulo":1,"nombre":"asdad","tipo":"Bicicleta","tamaño":"12","marca":"sdada","precio":2,"cantidad":2},{"codigo":1,"codigoDelArticulo":1,"nombre":"tukttu","tipo":"Bicicleta","tamaño":"12","marca":"bumbumbumbum","precio":1400000,"cantidad":1000},{"codigo":1,"codigoDelArticulo":1,"nombre":"sdadaada","tipo":"Bicicleta","tamaño":"12","marca":"dasda","precio":144444,"cantidad":12},{"codigo":1,"codigoDelArticulo":1,"nombre":"1231","tipo":"Bicicleta","tamaño":"12","marca":"asdad","precio":12,"cantidad":12},{"codigo":1,"codigoDelArticulo":1,"nombre":"sada","tipo":"Bicicleta","tamaño":"12","marca":"dasda","precio":1111,"cantidad":1},{"codigo":1,"codigoDelArticulo":1,"nombre":"asdajdajsd","tipo":"Bicicleta","tamaño":"12","marca":"jjdasjdasjdj","precio":12,"cantidad":12},{"codigo":1,"codigoDelArticulo":1,"nombre":"asdasd","tipo":"Bicicleta","tamaño":"12","marca":"asdasd","precio":12,"cantidad":12}]