[{"cliente":{"codigoCliente":0,"nombre":"","apellidos":"","teléfono":0,"correoElectrónico":"","provincia":"","cantón":"","distrito":"","fechaNacimiento":"Dec 15, 2023, 7:16:07 PM"},"codigocliente":0,"codigoServicio":111,"marcaBicicleta":"111","descripcionBicicleta":"11","precio":1.0,"observaciones":"11","estado":"ABIERTO","codigoCliente":0},{"cliente":{"codigoCliente":0,"nombre":"","apellidos":"","teléfono":0,"correoElectrónico":"","provincia":"","cantón":"","distrito":"","fechaNacimiento":"Dec 15, 2023, 7:17:34 PM"},"codigocliente":0,"codigoServicio":123,"marcaBicicleta":"vf","descripcionBicicleta":"berb","precio":111.0,"observaciones":"bd","estado":"ABIERTO","codigoCliente":0}]